rf_onset,rf_offset,rf_duration,steth_onset,steth_offset,steth_duration,steth_onset_aligned,steth_offset_aligned,steth_duration_aligned,trigger_lag,cc_peak_r,aligned_iou,rf_hr_peaks,rf_hr_psd,steth_hr_peaks,steth_hr_psd
20.805555555555557,38.361111111111114,17.555555555555557,20.0,37.166666666666664,17.166666666666664,21.000000000000004,38.16666666666667,17.166666666666668,1.0000000000000036,0.5677191665005572,0.9778481012658228,57.58433706031955,81.0,75.3588516746406,51.00000000000001
